1,Peter,Lenjo,peet,peet@mail.com
2,Jane,Phee,phee,phee@mail.com
3,Gabriel,Wilder,Colette,aliquet.vel.vulputate@interdumSedauctor.com
4,Ian,Walter,Sylvia,quam.Pellentesque@Pellentesquehabitant.co.uk
5,Kiara,Lynch,Fay,tempus@Proinegetodio.com
6,Quynn,Lindsay,Latifah,enim.consequat.purus@egetmetus.edu
7,Gannon,Richard,Alyssa,molestie@orciconsectetuer.org
8,Ariana,Wheeler,Gwendolyn,euismod.est@aliquet.com
9,Patience,Mcmillan,Nora,purus@adipiscingenimmi.net
10,Blossom,Patel,Georgia,Quisque@Suspendissecommodotincidunt.co.uk
11,Ariel,Kirk,Galena,Donec.feugiat@faucibus.ca
12,Declan,Higgins,Lael,aliquet@sitametrisus.edu
13,Priscilla,Phillips,Anastasia,lacus@pede.edu
14,Autumn,Gates,Molly,ipsum@nonmagnaNam.org
15,Zoe,Maynard,Fatima,orci.tincidunt.adipiscing@leo.ca
16,Cathleen,Conrad,Ifeoma,et.ultrices@egestasFuscealiquet.co.uk
17,Bell,Barry,Lacy,mauris@Quisque.com
18,Hayden,Joyce,Brenda,vestibulum.Mauris.magna@atvelitPellentesque.org
19,Quon,Roy,Galena,nunc.interdum.feugiat@sitamet.org
20,Price,Mccarthy,TaShya,justo.sit@lorem.co.uk
21,Kieran,Hill,Britanney,Duis.at.lacus@arcuetpede.co.uk
22,Neil,Duke,Ciara,sagittis.placerat.Cras@Praesenteunulla.org
23,Emerson,Armstrong,Zoe,sodales.purus.in@ornareFuscemollis.org
24,Quinlan,Ayers,Whilemina,Donec.est.mauris@nuncsedlibero.com
25,Stephanie,Gilliam,Bertha,risus@sodales.ca
26,Rhea,Noble,Danielle,Cum.sociis@sagittisDuisgravida.co.uk
27,Halla,Harvey,Brenna,at.egestas@luctus.ca
28,Vivien,Bates,Ava,placerat@fermentummetus.com
29,Zeus,Stone,Morgan,massa@purusmauris.org
30,Stone,Osborn,Farrah,Duis@Duisac.co.uk
31,Charde,Sandoval,Kaye,sapien@Phasellus.com
32,Amity,Gay,Yetta,gravida.mauris.ut@cursusdiamat.net
33,Donna,Sharp,Deirdre,urna.convallis.erat@enim.co.uk
34,Christen,Pruitt,Haviva,felis@purusinmolestie.co.uk
35,Raymond,Delacruz,Maisie,egestas@ac.net
36,Mason,Barrera,Madison,enim.nisl.elementum@ut.com
37,Kieran,Harding,Wendy,dictum.eleifend.nunc@egestasligulaNullam.ca
38,Vaughan,Newman,Melanie,mauris@Ut.co.uk
39,Genevieve,Houston,Juliet,Curae.Phasellus@pellentesqueSed.com
40,Hayfa,Mullins,Adria,consectetuer@enim.com
41,Cody,Giles,Fallon,vitae@pellentesqueafacilisis.net
42,Lester,Dalton,Ivy,arcu.vel.quam@duiFusce.ca
43,Leo,Washington,Leandra,volutpat.Nulla@Aliquam.edu
44,Neil,Larsen,Octavia,ornare.In@Seddiam.ca
45,Kyle,Odonnell,Katell,taciti@atauctorullamcorper.org
46,Latifah,Schmidt,Iris,magna.Suspendisse@sociisnatoquepenatibus.net
47,MacKenzie,Chaney,Jasmine,elementum@tellusnon.edu
48,Lance,Rodgers,Sasha,pharetra@Nullamscelerisque.com
49,Matthew,Horton,Leslie,consectetuer@vulputateullamcorpermagna.org
50,Kristen,Hancock,Keiko,gravida@feugiat.edu
51,Patrick,Hayes,Phoebe,tortor@feugiattelluslorem.com
52,Brenna,Bryan,Zenia,nec@mauris.ca
53,Jerry,Reeves,Kylee,mattis.ornare@ipsumnon.org
54,Anthony,Grimes,Kalia,Nunc@afeugiat.edu
55,Richard,Santana,Candice,nisl.arcu.iaculis@quisurna.com
56,Gavin,Knight,Kimberly,ante.Maecenas@NuncmaurisMorbi.net
57,Nelle,Patterson,Demetria,dui@urnaUttincidunt.net
58,Anastasia,Salazar,Althea,arcu@interdumNunc.com
59,Dacey,Greene,Rama,pede@arcu.com
60,Kameko,Henderson,Vielka,sem.elit.pharetra@massa.org
61,Raja,Tate,Wanda,Aliquam.tincidunt.nunc@luctusipsum.co.uk
62,Jemima,Leblanc,Patricia,magna.tellus@arcuetpede.co.uk
63,Zachery,Morton,Alea,enim@antelectusconvallis.edu
64,Bryar,Spears,Amelia,elementum.sem.vitae@leoMorbineque.net
65,Isaac,Wilcox,Charity,Aenean@litora.net
66,Sigourney,Dickson,Selma,mauris@euismodacfermentum.ca
67,Xerxes,Morgan,Bo,non.hendrerit.id@adipiscingelit.co.uk
68,Karen,Hunter,Sybill,lorem@vel.ca
69,Indigo,Dale,Leah,et@ac.com
70,Orla,Lawson,Taylor,Aenean.eget@tinciduntaliquam.co.uk
71,Warren,Hinton,Bo,risus.at.fringilla@acfeugiatnon.co.uk
72,Caryn,Santiago,Patricia,amet.ultricies.sem@Duisdignissim.com
73,Martha,Ray,Hannah,dolor.sit@auctorullamcorpernisl.ca
74,Oren,Noble,Yael,rutrum@eu.com
75,Helen,Carver,Pascale,vulputate.velit.eu@etarcu.co.uk
76,Jesse,Dixon,Joan,a.sollicitudin@auctorvitaealiquet.net
77,Flavia,Cobb,Chastity,urna.Vivamus.molestie@acmattis.net
78,Conan,Espinoza,Lilah,amet.lorem@velitSedmalesuada.co.uk
79,Ainsley,Hahn,Kelsey,et.magnis@posuerecubilia.net
80,Rhonda,Hampton,Miriam,tellus.lorem@mi.ca
81,Stone,Olson,Yeo,iaculis.aliquet@Maurismolestie.co.uk
82,Laura,Holder,Ivory,et@nislarcuiaculis.ca
83,Kennedy,Murphy,Mollie,at.egestas.a@Fuscediam.ca
84,Roanna,Poole,Ashely,semper@lobortis.edu
85,Damian,Kline,Maile,dolor.nonummy.ac@in.co.uk
86,Camden,Ball,Aurora,Vivamus.sit@eleifend.com
87,Herrod,Oliver,Melissa,arcu@velitjustonec.org
88,Cally,Mayer,Minerva,eget.dictum.placerat@eumetusIn.com
89,Nomlanga,Small,Lavinia,accumsan@placeratCrasdictum.com
90,Wyatt,King,Shana,facilisis.Suspendisse@dolornonummyac.com
91,Abbot,Webb,Liberty,turpis.Aliquam@scelerisque.edu
92,Zane,Estrada,Ella,Donec@porttitortellusnon.edu
93,Ria,Hart,Anastasia,tristique.aliquet@placerategetvenenatis.ca
94,Cameron,Lloyd,Hermione,ullamcorper.Duis@mauriserat.ca
95,Frances,Kaufman,Daryl,nulla.magna@interdumCurabiturdictum.co.uk
96,Rajah,Daniels,Carissa,ut.odio.vel@Nunc.co.uk
97,Davis,Ashley,Winter,ligula.Donec.luctus@Cumsociis.org
98,Brian,Watkins,Zena,amet.risus.Donec@Cum.org
99,Michelle,Ferrell,Cailin,Curabitur.vel.lectus@urna.edu
100,Aidan,Barber,Blaine,In.tincidunt@adipiscing.org
101,Solomon,Lamb,Beatrice,neque@sapienmolestieorci.com
102,Christine,Morin,Chava,nec.tempus@arcueuodio.com